{
  "results": [
    {
      "command": "rybinx (Sequential)",
      "mean": 1.9915610873799998,
      "stddev": 0.013320675932622228,
      "median": 1.9869601764800002,
      "user": 1.9760401399999996,
      "system": 0.013251359999999998,
      "min": 1.9792641504800002,
      "max": 2.02627329148,
      "times": [
        1.98498129448,
        1.9880906684800002,
        1.9942520214800001,
        1.9847121444800002,
        1.98582968448,
        1.9832631384800001,
        1.9919552264800002,
        1.99698925348,
        1.9792641504800002,
        2.02627329148
      ],
      "exit_codes": [
        0,
        0,
        0,
        0,
        0,
        0,
        0,
        0,
        0,
        0
      ]
    },
    {
      "command": "loomrv (Sequential, binary)",
      "mean": 0.5324301789800001,
      "stddev": 0.01029962128112712,
      "median": 0.5283985064800001,
      "user": 0.50992364,
      "system": 0.021531659999999998,
      "min": 0.5244826294800001,
      "max": 0.5584272934800001,
      "times": [
        0.5274718434800001,
        0.5414351154800001,
        0.5584272934800001,
        0.5262509864800001,
        0.5266953454800001,
        0.5244826294800001,
        0.5281799904800001,
        0.5328082554800001,
        0.5299333074800001,
        0.5286170224800001
      ],
      "exit_codes": [
        0,
        0,
        0,
        0,
        0,
        0,
        0,
        0,
        0,
        0
      ]
    },
    {
      "command": "loomrv (Multi-Property, binary)",
      "mean": 0.35505223458,
      "stddev": 0.01093873239653756,
      "median": 0.34989481648,
      "user": 0.35246484,
      "system": 0.0020365599999999998,
      "min": 0.34570311748,
      "max": 0.37813155348,
      "times": [
        0.35389810948,
        0.34773346148,
        0.35032714048,
        0.36333196348,
        0.37813155348,
        0.36746262348000003,
        0.34946249248,
        0.34858003048,
        0.34589185348,
        0.34570311748
      ],
      "exit_codes": [
        0,
        0,
        0,
        0,
        0,
        0,
        0,
        0,
        0,
        0
      ]
    }
  ]
}
