{
  "results": [
    {
      "command": "ryjson (Sequential)",
      "mean": 3.3458438969600004,
      "stddev": 0.012583478103846668,
      "median": 3.34841089526,
      "user": 3.3504354,
      "system": 0.11098730000000001,
      "min": 3.31644723376,
      "max": 3.36378228776,
      "times": [
        3.33877170276,
        3.36378228776,
        3.33985733376,
        3.35583644476,
        3.34877615476,
        3.31644723376,
        3.34648627776,
        3.34804563576,
        3.34940658376,
        3.35102931476
      ],
      "exit_codes": [
        0,
        0,
        0,
        0,
        0,
        0,
        0,
        0,
        0,
        0
      ]
    },
    {
      "command": "loomrv (Sequential)",
      "mean": 1.1078266234599998,
      "stddev": 0.008821359434012797,
      "median": 1.10539007426,
      "user": 1.1638689,
      "system": 0.0891475,
      "min": 1.10092559776,
      "max": 1.13077370876,
      "times": [
        1.13077370876,
        1.1046454617600001,
        1.11314674276,
        1.10808382776,
        1.10613468676,
        1.10100971776,
        1.10449378676,
        1.10617570276,
        1.10287700176,
        1.10092559776
      ],
      "exit_codes": [
        0,
        0,
        0,
        0,
        0,
        0,
        0,
        0,
        0,
        0
      ]
    },
    {
      "command": "loomrv (Multi-Property)",
      "mean": 0.21432135326000004,
      "stddev": 0.007967617868789006,
      "median": 0.21176046026000003,
      "user": 0.2189511,
      "system": 0.009832900000000002,
      "min": 0.20573465476000002,
      "max": 0.22594105876000004,
      "times": [
        0.22378621476000002,
        0.21352947676000003,
        0.20573465476000002,
        0.20999144376000003,
        0.20681998876000002,
        0.20644508076,
        0.20827108976000003,
        0.22134202876000003,
        0.22135249576000002,
        0.22594105876000004
      ],
      "exit_codes": [
        0,
        0,
        0,
        0,
        0,
        0,
        0,
        0,
        0,
        0
      ]
    }
  ]
}
