{
  "results": [
    {
      "command": "rybinx (Sequential)",
      "mean": 2.8294737713200004,
      "stddev": 0.016950890855682462,
      "median": 2.8323243375200002,
      "user": 2.7640321999999995,
      "system": 0.061895580000000006,
      "min": 2.7979153200200004,
      "max": 2.8507758940200003,
      "times": [
        2.8377101670200005,
        2.8273833070200003,
        2.8507758940200003,
        2.8413923270200003,
        2.8425899320200005,
        2.8336820100200004,
        2.8309666650200005,
        2.8024572360200004,
        2.8298648550200003,
        2.7979153200200004
      ],
      "exit_codes": [
        0,
        0,
        0,
        0,
        0,
        0,
        0,
        0,
        0,
        0
      ]
    },
    {
      "command": "loomrv (Sequential, binary)",
      "mean": 0.62464446422,
      "stddev": 0.01772713898356207,
      "median": 0.6191510650200001,
      "user": 0.6004264999999999,
      "system": 0.022900880000000002,
      "min": 0.61089761302,
      "max": 0.67230418902,
      "times": [
        0.61435709502,
        0.67230418902,
        0.6333317340200001,
        0.61873720302,
        0.61089761302,
        0.6218459350200001,
        0.6184599740200001,
        0.61956492702,
        0.61713362102,
        0.61981235102
      ],
      "exit_codes": [
        0,
        0,
        0,
        0,
        0,
        0,
        0,
        0,
        0,
        0
      ]
    },
    {
      "command": "loomrv (Multi-Property, binary)",
      "mean": 0.18206572472000002,
      "stddev": 0.006178995775228513,
      "median": 0.18069247302000002,
      "user": 0.17968829999999997,
      "system": 0.0020434800000000003,
      "min": 0.17536725102,
      "max": 0.19159811202000002,
      "times": [
        0.19145337902,
        0.18767399102,
        0.18238429202,
        0.17536725102,
        0.17592348102000002,
        0.18196099702000001,
        0.17688180002,
        0.17798999502,
        0.17942394902,
        0.19159811202000002
      ],
      "exit_codes": [
        0,
        0,
        0,
        0,
        0,
        0,
        0,
        0,
        0,
        0
      ]
    }
  ]
}
