{
  "results": [
    {
      "command": "rybinx (Sequential)",
      "mean": 1.35372181974,
      "stddev": 0.012768494771695702,
      "median": 1.3493731860400002,
      "user": 1.3393203599999999,
      "system": 0.01266122,
      "min": 1.34108525654,
      "max": 1.38108204254,
      "times": [
        1.38108204254,
        1.34803446854,
        1.34108525654,
        1.35531684454,
        1.34701399254,
        1.35914693754,
        1.3425875785399999,
        1.36847270754,
        1.3507119035400001,
        1.34376646554
      ],
      "exit_codes": [
        0,
        0,
        0,
        0,
        0,
        0,
        0,
        0,
        0,
        0
      ]
    },
    {
      "command": "loomrv (Sequential, binary)",
      "mean": 0.40035396434,
      "stddev": 0.010641027992331957,
      "median": 0.39657619804,
      "user": 0.37814316,
      "system": 0.02145132,
      "min": 0.39185076154000004,
      "max": 0.42623431154,
      "times": [
        0.39425599254,
        0.39729992154,
        0.39724430254000004,
        0.42623431154,
        0.41224478254,
        0.39530347954,
        0.39832233554,
        0.39487566254,
        0.39185076154000004,
        0.39590809354
      ],
      "exit_codes": [
        0,
        0,
        0,
        0,
        0,
        0,
        0,
        0,
        0,
        0
      ]
    },
    {
      "command": "loomrv (Multi-Property, binary)",
      "mean": 0.13574916134,
      "stddev": 0.007927779558675943,
      "median": 0.13372647954,
      "user": 0.13355235999999998,
      "system": 0.0018953179999999996,
      "min": 0.12735269954,
      "max": 0.15529466454,
      "times": [
        0.14042985554,
        0.15529466454,
        0.13740417554,
        0.13731575454,
        0.13389095054,
        0.12735269954,
        0.13356200854,
        0.13067668154,
        0.12961752854,
        0.13194729454
      ],
      "exit_codes": [
        0,
        0,
        0,
        0,
        0,
        0,
        0,
        0,
        0,
        0
      ]
    }
  ]
}
