{
  "results": [
    {
      "command": "ryjson (Sequential)",
      "mean": 3.6519308351,
      "stddev": 0.02357674836696312,
      "median": 3.6549639398,
      "user": 3.65627098,
      "system": 0.11125670000000001,
      "min": 3.6167993193,
      "max": 3.6875198713,
      "times": [
        3.6535336123,
        3.6240001473000003,
        3.6875198713,
        3.6167993193,
        3.6444189153,
        3.6784293863,
        3.6704835963,
        3.6591357573,
        3.6285934783,
        3.6563942673
      ],
      "exit_codes": [
        0,
        0,
        0,
        0,
        0,
        0,
        0,
        0,
        0,
        0
      ]
    },
    {
      "command": "loomrv (Sequential)",
      "mean": 1.3339956326000002,
      "stddev": 0.0041106387078211435,
      "median": 1.3342807608,
      "user": 1.3889874800000002,
      "system": 0.0899469,
      "min": 1.3287844043,
      "max": 1.3405429163,
      "times": [
        1.3299622423000002,
        1.3405429163,
        1.3287844043,
        1.3296542703,
        1.3307939033,
        1.3378931773,
        1.3342450363,
        1.3343164853,
        1.3353542033,
        1.3384096873
      ],
      "exit_codes": [
        0,
        0,
        0,
        0,
        0,
        0,
        0,
        0,
        0,
        0
      ]
    },
    {
      "command": "loomrv (Multi-Property)",
      "mean": 0.4321406154000001,
      "stddev": 0.010227635590430514,
      "median": 0.4297313728,
      "user": 0.43698188,
      "system": 0.009340799999999998,
      "min": 0.41978804630000005,
      "max": 0.4556548313,
      "times": [
        0.42830364130000004,
        0.42246475530000005,
        0.4421334053,
        0.4556548313,
        0.4290199113,
        0.4300792673,
        0.4340361103,
        0.43054270730000005,
        0.4293834783,
        0.41978804630000005
      ],
      "exit_codes": [
        0,
        0,
        0,
        0,
        0,
        0,
        0,
        0,
        0,
        0
      ]
    }
  ]
}
