{
  "results": [
    {
      "command": "ryjson (Sequential)",
      "mean": 5.164786787300001,
      "stddev": 0.035935793842916,
      "median": 5.1668727710999995,
      "user": 4.468450659999999,
      "system": 0.7991613799999999,
      "min": 5.0861437606,
      "max": 5.2175804836,
      "times": [
        5.1780849585999995,
        5.1643297636,
        5.0861437606,
        5.1603698346,
        5.2175804836,
        5.1632813946,
        5.1718842016,
        5.2026959546,
        5.1340817426,
        5.1694157786
      ],
      "exit_codes": [
        0,
        0,
        0,
        0,
        0,
        0,
        0,
        0,
        0,
        0
      ]
    },
    {
      "command": "loomrv (Sequential)",
      "mean": 1.3987149501,
      "stddev": 0.007436553551567179,
      "median": 1.3971099266,
      "user": 1.45505576,
      "system": 0.08837328,
      "min": 1.3868219696,
      "max": 1.4128302196,
      "times": [
        1.3968858086,
        1.4000250976,
        1.4030122796,
        1.3868219696,
        1.3973340446,
        1.3943446806,
        1.3930819635999998,
        1.4071634506,
        1.4128302196,
        1.3956499865999998
      ],
      "exit_codes": [
        0,
        0,
        0,
        0,
        0,
        0,
        0,
        0,
        0,
        0
      ]
    },
    {
      "command": "loomrv (Multi-Property)",
      "mean": 0.2607123224,
      "stddev": 0.007993189718085976,
      "median": 0.2572888631,
      "user": 0.26567506,
      "system": 0.00948328,
      "min": 0.2519988266,
      "max": 0.2721700456,
      "times": [
        0.26716210360000003,
        0.2555940276,
        0.25502578260000003,
        0.2543593276,
        0.2519988266,
        0.25898369860000003,
        0.27003253460000004,
        0.2721700456,
        0.2691869136,
        0.25260996360000004
      ],
      "exit_codes": [
        0,
        0,
        0,
        0,
        0,
        0,
        0,
        0,
        0,
        0
      ]
    }
  ]
}
