{
  "results": [
    {
      "command": "rybinx (Sequential)",
      "mean": 2.25767238242,
      "stddev": 0.01293132821329243,
      "median": 2.25988796852,
      "user": 2.2422502599999996,
      "system": 0.012869899999999998,
      "min": 2.2293969385200003,
      "max": 2.2731442635200003,
      "times": [
        2.2293969385200003,
        2.27030565452,
        2.2552286775200003,
        2.26599088752,
        2.24435005152,
        2.26011694352,
        2.26367253452,
        2.25965899352,
        2.25485887952,
        2.2731442635200003
      ],
      "exit_codes": [
        0,
        0,
        0,
        0,
        0,
        0,
        0,
        0,
        0,
        0
      ]
    },
    {
      "command": "loomrv (Sequential, binary)",
      "mean": 0.5149697097200001,
      "stddev": 0.013397798024896403,
      "median": 0.51170415752,
      "user": 0.49275005999999993,
      "system": 0.0210218,
      "min": 0.50205087952,
      "max": 0.55048953352,
      "times": [
        0.50894633652,
        0.51822804052,
        0.55048953352,
        0.51757922752,
        0.51112557652,
        0.50578054752,
        0.50205087952,
        0.51228273852,
        0.51305546852,
        0.51015874852
      ],
      "exit_codes": [
        0,
        0,
        0,
        0,
        0,
        0,
        0,
        0,
        0,
        0
      ]
    },
    {
      "command": "loomrv (Multi-Property, binary)",
      "mean": 0.35502610392,
      "stddev": 0.009958102580106142,
      "median": 0.35145842352000006,
      "user": 0.35224775999999997,
      "system": 0.0021731,
      "min": 0.34015356952000003,
      "max": 0.37731235652000006,
      "times": [
        0.35776799452,
        0.34879970952000006,
        0.34015356952000003,
        0.36145394852000007,
        0.37731235652000006,
        0.36015073752000004,
        0.35037840452,
        0.35132747152000005,
        0.35142493252000007,
        0.35149191452000006
      ],
      "exit_codes": [
        0,
        0,
        0,
        0,
        0,
        0,
        0,
        0,
        0,
        0
      ]
    }
  ]
}
