{
  "results": [
    {
      "command": "ryjson (Sequential)",
      "mean": 4.44333993364,
      "stddev": 0.029363843054417256,
      "median": 4.457200544139999,
      "user": 4.446567159999999,
      "system": 0.11132298,
      "min": 4.40190008064,
      "max": 4.48050543564,
      "times": [
        4.47228613164,
        4.45954373564,
        4.46028549364,
        4.48050543564,
        4.41047540964,
        4.46056306964,
        4.40190008064,
        4.4548573526399995,
        4.40378456564,
        4.429198061639999
      ],
      "exit_codes": [
        0,
        0,
        0,
        0,
        0,
        0,
        0,
        0,
        0,
        0
      ]
    },
    {
      "command": "loomrv (Sequential)",
      "mean": 1.2350264992400002,
      "stddev": 0.004930153878842539,
      "median": 1.23352585564,
      "user": 1.2883773599999997,
      "system": 0.09135088,
      "min": 1.22978843964,
      "max": 1.24435275064,
      "times": [
        1.24435275064,
        1.23381112664,
        1.23807195464,
        1.2420448426400001,
        1.23324058464,
        1.23242295464,
        1.23443590864,
        1.23213500564,
        1.2299614246400001,
        1.22978843964
      ],
      "exit_codes": [
        0,
        0,
        0,
        0,
        0,
        0,
        0,
        0,
        0,
        0
      ]
    },
    {
      "command": "loomrv (Multi-Property)",
      "mean": 0.39734518484,
      "stddev": 0.01060558297789839,
      "median": 0.39518619814,
      "user": 0.40249286,
      "system": 0.009193779999999999,
      "min": 0.38458958864,
      "max": 0.42270236964,
      "times": [
        0.39606990064,
        0.39171633864,
        0.39550094164,
        0.42270236964,
        0.40666656864,
        0.39487145464,
        0.39885414264,
        0.39104336564000003,
        0.38458958864,
        0.39143717764
      ],
      "exit_codes": [
        0,
        0,
        0,
        0,
        0,
        0,
        0,
        0,
        0,
        0
      ]
    }
  ]
}
