{
  "results": [
    {
      "command": "Combined_Discrete_MultiProperty_30",
      "mean": 0.8295533876199999,
      "stddev": 0.02104108237702653,
      "median": 0.82572238898,
      "user": 0.8360453400000002,
      "system": 0.01051374,
      "min": 0.79714332598,
      "max": 0.9055844259800001,
      "times": [
        0.86933900498,
        0.8258693939800001,
        0.8294599849800001,
        0.83317649398,
        0.8491302469800001,
        0.82572238898,
        0.81903257098,
        0.8252231519800001,
        0.8325166139800001,
        0.8202881799800001,
        0.8174051969800001,
        0.8275028979800001,
        0.8252768319800001,
        0.8116102529800001,
        0.8255889749800001,
        0.8285404629800001,
        0.8400749009800001,
        0.82259858898,
        0.79714332598,
        0.8306402519800001,
        0.8252839189800001,
        0.8009544289800001,
        0.82199601998,
        0.9055844259800001,
        0.8288761799800001
      ],
      "exit_codes": [
        0,
        0,
        0,
        0,
        0,
        0,
        0,
        0,
        0,
        0,
        0,
        0,
        0,
        0,
        0,
        0,
        0,
        0,
        0,
        0,
        0,
        0,
        0,
        0,
        0
      ]
    }
  ]
}
