{
  "results": [
    {
      "command": "loomrv_Discrete_Sequential_Binary_30",
      "mean": 1.58821595876,
      "stddev": 0.0062503568405178084,
      "median": 1.58805392748,
      "user": 1.5230234999999999,
      "system": 0.06295778,
      "min": 1.5772064374800001,
      "max": 1.6071588584800003,
      "times": [
        1.5772064374800001,
        1.5921973534800002,
        1.59357761548,
        1.58874152148,
        1.5861856974800002,
        1.58741411248,
        1.5846843894800002,
        1.58185706348,
        1.5873488794800001,
        1.5957422254800002,
        1.5912194974800002,
        1.5884875024800003,
        1.57850877348,
        1.5833816034800001,
        1.58946898948,
        1.58805392748,
        1.5964607194800002,
        1.5849663524800002,
        1.5831039174800001,
        1.58911863048,
        1.6071588584800003,
        1.5848435734800002,
        1.58295782048,
        1.58976078148,
        1.5929527254800002
      ],
      "exit_codes": [
        0,
        0,
        0,
        0,
        0,
        0,
        0,
        0,
        0,
        0,
        0,
        0,
        0,
        0,
        0,
        0,
        0,
        0,
        0,
        0,
        0,
        0,
        0,
        0,
        0
      ]
    }
  ]
}
