{
  "results": [
    {
      "command": "Combined_Discrete_MultiProperty_AND_30",
      "mean": 0.8192264810600003,
      "stddev": 0.01564899469594267,
      "median": 0.8164513401400001,
      "user": 0.82594586,
      "system": 0.010239400000000003,
      "min": 0.80371594814,
      "max": 0.8850579191400001,
      "times": [
        0.8850579191400001,
        0.81781729814,
        0.8239924541400001,
        0.8137649791400001,
        0.8174513051400001,
        0.81983817814,
        0.82067593914,
        0.80371594814,
        0.8124727621400001,
        0.8209910801400001,
        0.8065818871400001,
        0.8145266251400001,
        0.8158099481400001,
        0.80982258614,
        0.8252098471400001,
        0.8337195111400001,
        0.80555661014,
        0.8080512581400001,
        0.8134280691400001,
        0.8203188441400001,
        0.81502900314,
        0.8076439161400001,
        0.8209732071400001,
        0.8164513401400001,
        0.8317615101400001
      ],
      "exit_codes": [
        0,
        0,
        0,
        0,
        0,
        0,
        0,
        0,
        0,
        0,
        0,
        0,
        0,
        0,
        0,
        0,
        0,
        0,
        0,
        0,
        0,
        0,
        0,
        0,
        0
      ]
    }
  ]
}
