{
  "results": [
    {
      "command": "loomrv_Discrete_Sequential_30",
      "mean": 4.438461779760001,
      "stddev": 0.014291121535050383,
      "median": 4.434883491600001,
      "user": 4.6617590799999995,
      "system": 0.30957024,
      "min": 4.415068729600001,
      "max": 4.4698755946,
      "times": [
        4.415068729600001,
        4.437162472600001,
        4.4326178596000005,
        4.4406431246,
        4.439055322600001,
        4.4272105326,
        4.4179171516,
        4.4274268316,
        4.4388970066,
        4.4323385636,
        4.434883491600001,
        4.4276649676,
        4.4329107936000005,
        4.457479856600001,
        4.4484553796,
        4.4698755946,
        4.428186156600001,
        4.428687470600001,
        4.4480782836,
        4.4548442356,
        4.467905049600001,
        4.457895096600001,
        4.437905698600001,
        4.4261345576,
        4.4323002666
      ],
      "exit_codes": [
        0,
        0,
        0,
        0,
        0,
        0,
        0,
        0,
        0,
        0,
        0,
        0,
        0,
        0,
        0,
        0,
        0,
        0,
        0,
        0,
        0,
        0,
        0,
        0,
        0
      ]
    }
  ]
}
