{
  "results": [
    {
      "command": "Combined_Discrete_MultiProperty_AND_30_binary",
      "mean": 0.7252970491600002,
      "stddev": 0.014404669191997394,
      "median": 0.7205827410400001,
      "user": 0.7221547000000001,
      "system": 0.00232752,
      "min": 0.7044734010400001,
      "max": 0.7747205400400001,
      "times": [
        0.7747205400400001,
        0.7489175690400001,
        0.7220049450400001,
        0.7336144940400001,
        0.7196141790400001,
        0.7205012880400001,
        0.7237424010400001,
        0.7266357560400001,
        0.7060020890400001,
        0.7362345310400001,
        0.7107545770400001,
        0.7416950290400001,
        0.7198608740400001,
        0.7044734010400001,
        0.7155289020400001,
        0.7198388760400001,
        0.7272475840400001,
        0.7246153980400001,
        0.7196726350400001,
        0.7250832120400001,
        0.7172034350400001,
        0.7205827410400001,
        0.7193124660400001,
        0.7347563880400001,
        0.7198129180400001
      ],
      "exit_codes": [
        0,
        0,
        0,
        0,
        0,
        0,
        0,
        0,
        0,
        0,
        0,
        0,
        0,
        0,
        0,
        0,
        0,
        0,
        0,
        0,
        0,
        0,
        0,
        0,
        0
      ]
    }
  ]
}
