{
  "results": [
    {
      "command": "Combined_Discrete_MultiProperty_30_binary",
      "mean": 0.7278132898800002,
      "stddev": 0.013164385146856769,
      "median": 0.72455587028,
      "user": 0.72490382,
      "system": 0.0021209400000000004,
      "min": 0.7080332612800001,
      "max": 0.7788041182800001,
      "times": [
        0.7788041182800001,
        0.73217119228,
        0.7244022852800001,
        0.7112455242800001,
        0.72774039128,
        0.7330599922800001,
        0.72089595628,
        0.7338399492800001,
        0.72517914228,
        0.7240738402800001,
        0.72455587028,
        0.73642597328,
        0.7333271342800001,
        0.7228133882800001,
        0.7211000042800001,
        0.7325592312800001,
        0.7080332612800001,
        0.72140970128,
        0.7368569542800001,
        0.7243476132800001,
        0.7220055632800001,
        0.7204791772800001,
        0.71275938228,
        0.7319015082800001,
        0.7353450922800001
      ],
      "exit_codes": [
        0,
        0,
        0,
        0,
        0,
        0,
        0,
        0,
        0,
        0,
        0,
        0,
        0,
        0,
        0,
        0,
        0,
        0,
        0,
        0,
        0,
        0,
        0,
        0,
        0
      ]
    }
  ]
}
