{
  "results": [
    {
      "command": "rybinx_Discrete_Combined_AND_30",
      "mean": 3.766707051459999,
      "stddev": 0.08302379511187968,
      "median": 3.77413657478,
      "user": 3.7599092999999995,
      "system": 0.0025226199999999997,
      "min": 3.63169188078,
      "max": 3.90874877678,
      "times": [
        3.69966497178,
        3.63169188078,
        3.66349210978,
        3.8174465727799998,
        3.90874877678,
        3.89119795578,
        3.8142053317799998,
        3.69132191978,
        3.6526397997799998,
        3.6963611957799998,
        3.88294495478,
        3.89870288378,
        3.75989407878,
        3.77413657478,
        3.7990186267799997,
        3.8574702037799997,
        3.72925874778,
        3.77983984678,
        3.76914400078,
        3.80955490278,
        3.7894679487799996,
        3.79840716278,
        3.6545973467799997,
        3.7213177147799996,
        3.6771507777799997
      ],
      "exit_codes": [
        0,
        0,
        0,
        0,
        0,
        0,
        0,
        0,
        0,
        0,
        0,
        0,
        0,
        0,
        0,
        0,
        0,
        0,
        0,
        0,
        0,
        0,
        0,
        0,
        0
      ]
    }
  ]
}
