{
  "results": [
    {
      "command": "rybinx_Discrete_Sequential_30",
      "mean": 4.70847110238,
      "stddev": 0.025462634223230515,
      "median": 4.7030583815,
      "user": 4.6651114,
      "system": 0.03780465999999999,
      "min": 4.6569320875,
      "max": 4.7544473595,
      "times": [
        4.6887050505,
        4.7307146935,
        4.685341767500001,
        4.7483446625,
        4.6936155685,
        4.7186368305,
        4.686397646500001,
        4.7030583815,
        4.6767936805,
        4.7544473595,
        4.7241807055,
        4.7308805715,
        4.6746924055,
        4.6978875445,
        4.719397320500001,
        4.688542137500001,
        4.6923331435,
        4.7269445245,
        4.7250624535000005,
        4.6569320875,
        4.7284115855,
        4.7354514285,
        4.6972511965,
        4.7386809975,
        4.6890738165000005
      ],
      "exit_codes": [
        0,
        0,
        0,
        0,
        0,
        0,
        0,
        0,
        0,
        0,
        0,
        0,
        0,
        0,
        0,
        0,
        0,
        0,
        0,
        0,
        0,
        0,
        0,
        0,
        0
      ]
    }
  ]
}
