{
  "results": [
    {
      "command": "ryjson_Discrete_Sequential_30",
      "mean": 9.41579861914,
      "stddev": 0.04568527602902243,
      "median": 9.4153648765,
      "user": 9.464254999999998,
      "system": 0.3752769,
      "min": 9.344669385500001,
      "max": 9.496089108500001,
      "times": [
        9.4153648765,
        9.3528331045,
        9.4600448235,
        9.4618299965,
        9.384734871500001,
        9.466195825500002,
        9.344669385500001,
        9.4500416865,
        9.3782698915,
        9.3758000305,
        9.3826306145,
        9.357680655500001,
        9.369895233500001,
        9.4083874405,
        9.496089108500001,
        9.4544466635,
        9.4338382255,
        9.450082357500001,
        9.393888375500001,
        9.425615740500001,
        9.4699996105,
        9.358048782500001,
        9.4678163115,
        9.4611338625,
        9.375628004500001
      ],
      "exit_codes": [
        0,
        0,
        0,
        0,
        0,
        0,
        0,
        0,
        0,
        0,
        0,
        0,
        0,
        0,
        0,
        0,
        0,
        0,
        0,
        0,
        0,
        0,
        0,
        0,
        0
      ]
    }
  ]
}
