{
  "results": [
    {
      "command": "ryjson_Discrete_Combined_AND_30",
      "mean": 6.53444212528,
      "stddev": 0.09289914103467528,
      "median": 6.58684430916,
      "user": 6.528905240000003,
      "system": 0.013461059999999999,
      "min": 6.377575398159999,
      "max": 6.6382542741599995,
      "times": [
        6.58255830416,
        6.58207294916,
        6.60273621416,
        6.58723071616,
        6.377575398159999,
        6.44185814816,
        6.59487128416,
        6.61806816716,
        6.47508699816,
        6.60738655816,
        6.38770324516,
        6.40632360816,
        6.63568880416,
        6.58684430916,
        6.39738957016,
        6.44407974516,
        6.63414720516,
        6.46245179916,
        6.46799613816,
        6.60106751316,
        6.58748831816,
        6.6382542741599995,
        6.41462387016,
        6.61684475016,
        6.61070524416
      ],
      "exit_codes": [
        0,
        0,
        0,
        0,
        0,
        0,
        0,
        0,
        0,
        0,
        0,
        0,
        0,
        0,
        0,
        0,
        0,
        0,
        0,
        0,
        0,
        0,
        0,
        0,
        0
      ]
    }
  ]
}
