{
  "results": [
    {
      "command": "rybinx (Sequential)",
      "mean": 7.61895487922,
      "stddev": 0.08138176867534322,
      "median": 7.61590432092,
      "user": 7.600561839999999,
      "system": 0.011490899999999998,
      "min": 7.51717553792,
      "max": 7.77312828592,
      "times": [
        7.6775752949200005,
        7.77312828592,
        7.66511379292,
        7.51717553792,
        7.65610840892,
        7.66859672292,
        7.53981505492,
        7.57570023292,
        7.54169760892,
        7.57463785192
      ],
      "exit_codes": [
        0,
        0,
        0,
        0,
        0,
        0,
        0,
        0,
        0,
        0
      ]
    },
    {
      "command": "loomrv (Sequential, binary)",
      "mean": 1.9735904024200004,
      "stddev": 0.004003747832911994,
      "median": 1.9736557489200002,
      "user": 1.9479658399999997,
      "system": 0.023609399999999996,
      "min": 1.96791450492,
      "max": 1.97844771792,
      "times": [
        1.96804066792,
        1.97359621692,
        1.96791450492,
        1.97295823492,
        1.97844771792,
        1.97807567092,
        1.97371528092,
        1.9772668799200002,
        1.97631911992,
        1.9695697299200001
      ],
      "exit_codes": [
        0,
        0,
        0,
        0,
        0,
        0,
        0,
        0,
        0,
        0
      ]
    },
    {
      "command": "loomrv (Multi-Property, binary)",
      "mean": 1.61936387402,
      "stddev": 0.015536815601662523,
      "median": 1.62226009292,
      "user": 1.6161782399999995,
      "system": 0.0015999,
      "min": 1.57625903392,
      "max": 1.63021681292,
      "times": [
        1.62658799592,
        1.57625903392,
        1.63021681292,
        1.62903058792,
        1.62411676092,
        1.62219264292,
        1.6216773239200002,
        1.62188563992,
        1.62232754292,
        1.61934439892
      ],
      "exit_codes": [
        0,
        0,
        0,
        0,
        0,
        0,
        0,
        0,
        0,
        0
      ]
    }
  ]
}
