{
  "results": [
    {
      "command": "ryjson (Sequential)",
      "mean": 9.22622717498,
      "stddev": 0.04890289052762502,
      "median": 9.21850247508,
      "user": 9.22517024,
      "system": 0.11336953999999999,
      "min": 9.15701246958,
      "max": 9.33665288158,
      "times": [
        9.33665288158,
        9.20134896758,
        9.245344247579999,
        9.26703589458,
        9.22386126258,
        9.201401665579999,
        9.221484371579999,
        9.15701246958,
        9.19260941058,
        9.21552057858
      ],
      "exit_codes": [
        0,
        0,
        0,
        0,
        0,
        0,
        0,
        0,
        0,
        0
      ]
    },
    {
      "command": "loomrv (Sequential)",
      "mean": 3.05761569348,
      "stddev": 0.014622446417808433,
      "median": 3.05693467608,
      "user": 3.11166734,
      "system": 0.09028633999999999,
      "min": 3.03070370358,
      "max": 3.08515413958,
      "times": [
        3.04799087658,
        3.0580027485800003,
        3.0673868635800003,
        3.0702046265800003,
        3.05802770258,
        3.04869654358,
        3.05412312658,
        3.08515413958,
        3.05586660358,
        3.03070370358
      ],
      "exit_codes": [
        0,
        0,
        0,
        0,
        0,
        0,
        0,
        0,
        0,
        0
      ]
    },
    {
      "command": "loomrv (Multi-Property)",
      "mean": 1.79576784148,
      "stddev": 0.003385887271237054,
      "median": 1.79504519458,
      "user": 1.7992987399999998,
      "system": 0.009562539999999998,
      "min": 1.7919691305799998,
      "max": 1.8035808355799998,
      "times": [
        1.79534159658,
        1.79935404458,
        1.8035808355799998,
        1.7947487925799999,
        1.7919691305799998,
        1.79583951558,
        1.79426094258,
        1.79337533058,
        1.79581148558,
        1.79339674058
      ],
      "exit_codes": [
        0,
        0,
        0,
        0,
        0,
        0,
        0,
        0,
        0,
        0
      ]
    }
  ]
}
