{
  "results": [
    {
      "command": "rybinx (Sequential)",
      "mean": 6.919351336999999,
      "stddev": 0.03129766532577679,
      "median": 6.9294711664,
      "user": 6.898906599999999,
      "system": 0.01395682,
      "min": 6.8376226564,
      "max": 6.9416211954,
      "times": [
        6.8376226564,
        6.9401607754,
        6.9290089514,
        6.9365256254,
        6.9299333814,
        6.9362648624,
        6.8996952404,
        6.9176803524,
        6.9250003293999995,
        6.9416211954
      ],
      "exit_codes": [
        0,
        0,
        0,
        0,
        0,
        0,
        0,
        0,
        0,
        0
      ]
    },
    {
      "command": "loomrv (Sequential, binary)",
      "mean": 1.5594547706,
      "stddev": 0.00467680654314243,
      "median": 1.5583483094000001,
      "user": 1.5328503,
      "system": 0.024896019999999994,
      "min": 1.5521529554000002,
      "max": 1.5665753104,
      "times": [
        1.5521529554000002,
        1.5616309394,
        1.5574914404,
        1.5578993494000002,
        1.5543066514,
        1.5614456194,
        1.5578418564,
        1.5664063144,
        1.5587972694,
        1.5665753104
      ],
      "exit_codes": [
        0,
        0,
        0,
        0,
        0,
        0,
        0,
        0,
        0,
        0
      ]
    },
    {
      "command": "loomrv (Multi-Property, binary)",
      "mean": 1.313274089,
      "stddev": 0.019786573607077043,
      "median": 1.3129281009000002,
      "user": 1.3099585999999999,
      "system": 0.00207242,
      "min": 1.2863912084,
      "max": 1.3395049294,
      "times": [
        1.2863912084,
        1.3329969104000001,
        1.3395049294,
        1.3339465024000001,
        1.3230224134000002,
        1.2959078984,
        1.3266025184,
        1.2961275234,
        1.3028337884,
        1.2954071974
      ],
      "exit_codes": [
        0,
        0,
        0,
        0,
        0,
        0,
        0,
        0,
        0,
        0
      ]
    }
  ]
}
