{
  "results": [
    {
      "command": "ryjson (Sequential)",
      "mean": 7.49931899928,
      "stddev": 0.04342878060625544,
      "median": 7.4898132214799995,
      "user": 7.4980495199999995,
      "system": 0.11501004,
      "min": 7.43553934498,
      "max": 7.5619407139799995,
      "times": [
        7.49147532398,
        7.47390296998,
        7.45795077598,
        7.539902801979999,
        7.488151118979999,
        7.54381306098,
        7.5619407139799995,
        7.537761154979999,
        7.46275272698,
        7.43553934498
      ],
      "exit_codes": [
        0,
        0,
        0,
        0,
        0,
        0,
        0,
        0,
        0,
        0
      ]
    },
    {
      "command": "loomrv (Sequential)",
      "mean": 2.1693193690799997,
      "stddev": 0.00778663044633198,
      "median": 2.1704803644800004,
      "user": 2.15965342,
      "system": 0.09504093999999999,
      "min": 2.15665975198,
      "max": 2.18204057698,
      "times": [
        2.1649594539800003,
        2.17780632398,
        2.17185857698,
        2.17116383398,
        2.16979689498,
        2.18204057698,
        2.15665975198,
        2.16544534998,
        2.15987318298,
        2.17358974498
      ],
      "exit_codes": [
        0,
        0,
        0,
        0,
        0,
        0,
        0,
        0,
        0,
        0
      ]
    },
    {
      "command": "loomrv (Multi-Property)",
      "mean": 0.6262725398800001,
      "stddev": 0.014997806655716161,
      "median": 0.62680132798,
      "user": 0.6316749199999999,
      "system": 0.00872454,
      "min": 0.6038159079800001,
      "max": 0.66160032398,
      "times": [
        0.62714911498,
        0.66160032398,
        0.6245565549800001,
        0.6259109149800001,
        0.62776459998,
        0.62759942298,
        0.6277858549800001,
        0.61008916298,
        0.6038159079800001,
        0.6264535409800001
      ],
      "exit_codes": [
        0,
        0,
        0,
        0,
        0,
        0,
        0,
        0,
        0,
        0
      ]
    }
  ]
}
