{
  "results": [
    {
      "command": "rybinx (Sequential)",
      "mean": 12.3216143445,
      "stddev": 0.049180009341511316,
      "median": 12.3294791813,
      "user": 11.99512644,
      "system": 0.31222916,
      "min": 12.2578475593,
      "max": 12.4101550933,
      "times": [
        12.4101550933,
        12.2819403583,
        12.2621701483,
        12.330824654299999,
        12.2942460213,
        12.3806049453,
        12.339396302299999,
        12.2578475593,
        12.3302207643,
        12.3287375983
      ],
      "exit_codes": [
        0,
        0,
        0,
        0,
        0,
        0,
        0,
        0,
        0,
        0
      ]
    },
    {
      "command": "loomrv (Sequential, binary)",
      "mean": 2.4953563401,
      "stddev": 0.01583173287694002,
      "median": 2.4958785522999998,
      "user": 2.46806884,
      "system": 0.02459246,
      "min": 2.4704810763,
      "max": 2.5238726933,
      "times": [
        2.5238726933,
        2.4940374513,
        2.5038541963,
        2.4976212973,
        2.4941358072999997,
        2.4704810763,
        2.5043563832999998,
        2.5036714623,
        2.4899150703,
        2.4716179633
      ],
      "exit_codes": [
        0,
        0,
        0,
        0,
        0,
        0,
        0,
        0,
        0,
        0
      ]
    },
    {
      "command": "loomrv (Multi-Property, binary)",
      "mean": 0.7420771468000001,
      "stddev": 0.020483429900800283,
      "median": 0.7406424183,
      "user": 0.7389558399999999,
      "system": 0.00219846,
      "min": 0.7146240323,
      "max": 0.7861407523,
      "times": [
        0.7627643123000001,
        0.7861407523,
        0.7172816513000001,
        0.7403346993000001,
        0.7146240323,
        0.7412012883000001,
        0.7413255933,
        0.7376232353000001,
        0.7385257663,
        0.7409501373
      ],
      "exit_codes": [
        0,
        0,
        0,
        0,
        0,
        0,
        0,
        0,
        0,
        0
      ]
    }
  ]
}
