{
  "results": [
    {
      "command": "rybinx (Sequential)",
      "mean": 5.6938489412,
      "stddev": 0.06311911815295913,
      "median": 5.684796582900001,
      "user": 5.67391394,
      "system": 0.014506040000000001,
      "min": 5.6267097244,
      "max": 5.8326962424,
      "times": [
        5.6493664304,
        5.664458665400001,
        5.6267097244,
        5.6420302194000005,
        5.6377301184,
        5.8326962424,
        5.7241349234,
        5.7283812854,
        5.705134500400001,
        5.7278473024
      ],
      "exit_codes": [
        0,
        0,
        0,
        0,
        0,
        0,
        0,
        0,
        0,
        0
      ]
    },
    {
      "command": "loomrv (Sequential, binary)",
      "mean": 1.1347499992999999,
      "stddev": 0.011390855868603653,
      "median": 1.1331925524,
      "user": 1.10996754,
      "system": 0.023364539999999996,
      "min": 1.1242004944,
      "max": 1.1635613254,
      "times": [
        1.1635613254,
        1.1339272764,
        1.1356191364,
        1.1324578284,
        1.1247303624,
        1.1293195044,
        1.1268421024,
        1.1388228774,
        1.1380190854,
        1.1242004944
      ],
      "exit_codes": [
        0,
        0,
        0,
        0,
        0,
        0,
        0,
        0,
        0,
        0
      ]
    },
    {
      "command": "loomrv (Multi-Property, binary)",
      "mean": 0.5111793158,
      "stddev": 0.01576492969357944,
      "median": 0.5081707194,
      "user": 0.5083846399999999,
      "system": 0.0020795959999999995,
      "min": 0.4903862104,
      "max": 0.5508651354,
      "times": [
        0.5083686114,
        0.5007307044,
        0.5508651354,
        0.5171011934,
        0.5081076344,
        0.4903862104,
        0.5057820114,
        0.5072304394,
        0.5149874134,
        0.5082338044
      ],
      "exit_codes": [
        0,
        0,
        0,
        0,
        0,
        0,
        0,
        0,
        0,
        0
      ]
    }
  ]
}
