{
  "results": [
    {
      "command": "ryjson (Sequential)",
      "mean": 18.41016565054,
      "stddev": 0.14906026725370014,
      "median": 18.46972693634,
      "user": 14.20807398,
      "system": 4.266642839999999,
      "min": 18.07920032634,
      "max": 18.574118908339997,
      "times": [
        18.467331405339998,
        18.28097662034,
        18.574118908339997,
        18.47212246734,
        18.33282270934,
        18.07920032634,
        18.50049964834,
        18.50592726634,
        18.52831940034,
        18.360337753339998
      ],
      "exit_codes": [
        0,
        0,
        0,
        0,
        0,
        0,
        0,
        0,
        0,
        0
      ]
    },
    {
      "command": "loomrv (Sequential)",
      "mean": 3.65852589354,
      "stddev": 0.022406396735854494,
      "median": 3.65887022184,
      "user": 3.7109797799999997,
      "system": 0.09208373999999998,
      "min": 3.6121507073399997,
      "max": 3.6907074133399997,
      "times": [
        3.68684445834,
        3.6907074133399997,
        3.66283747034,
        3.64701148734,
        3.65159662834,
        3.65490297334,
        3.66972049034,
        3.66379708134,
        3.6121507073399997,
        3.64569022534
      ],
      "exit_codes": [
        0,
        0,
        0,
        0,
        0,
        0,
        0,
        0,
        0,
        0
      ]
    },
    {
      "command": "loomrv (Multi-Property)",
      "mean": 0.86335077084,
      "stddev": 0.02036331799974654,
      "median": 0.85323618134,
      "user": 0.8672660799999999,
      "system": 0.009691639999999998,
      "min": 0.84998313834,
      "max": 0.9123988443400001,
      "times": [
        0.9123988443400001,
        0.84998313834,
        0.8551023023400001,
        0.87787822134,
        0.85412829134,
        0.87809203634,
        0.85222323334,
        0.85234407134,
        0.85063243534,
        0.8507251343400001
      ],
      "exit_codes": [
        0,
        0,
        0,
        0,
        0,
        0,
        0,
        0,
        0,
        0
      ]
    }
  ]
}
