{
  "results": [
    {
      "command": "ryjson (Sequential)",
      "mean": 8.789350080359998,
      "stddev": 0.07277598325985991,
      "median": 8.772575947459998,
      "user": 8.78745986,
      "system": 0.11491612,
      "min": 8.69046001546,
      "max": 8.92491982246,
      "times": [
        8.821369558459999,
        8.859650479459999,
        8.72642593446,
        8.92491982246,
        8.75999741646,
        8.779772982459999,
        8.69046001546,
        8.84587841946,
        8.76537891246,
        8.719647262459999
      ],
      "exit_codes": [
        0,
        0,
        0,
        0,
        0,
        0,
        0,
        0,
        0,
        0
      ]
    },
    {
      "command": "loomrv (Sequential)",
      "mean": 2.69869652856,
      "stddev": 0.009033733925744377,
      "median": 2.69955973046,
      "user": 2.6868476599999997,
      "system": 0.09535842000000001,
      "min": 2.68711032746,
      "max": 2.71270372346,
      "times": [
        2.71270372346,
        2.70778840446,
        2.70522463046,
        2.68917959046,
        2.69833060646,
        2.7052047954600003,
        2.6909830564600004,
        2.68965129646,
        2.68711032746,
        2.7007888544600003
      ],
      "exit_codes": [
        0,
        0,
        0,
        0,
        0,
        0,
        0,
        0,
        0,
        0
      ]
    },
    {
      "command": "loomrv (Multi-Property)",
      "mean": 1.4936129278599999,
      "stddev": 0.012780086414231477,
      "median": 1.49668130496,
      "user": 1.49847976,
      "system": 0.00845262,
      "min": 1.4758692404600002,
      "max": 1.5090335724600001,
      "times": [
        1.50258392346,
        1.48213381246,
        1.50877820446,
        1.50284216946,
        1.50107831546,
        1.4818074514600001,
        1.5090335724600001,
        1.4758692404600002,
        1.47971829446,
        1.49228429446
      ],
      "exit_codes": [
        0,
        0,
        0,
        0,
        0,
        0,
        0,
        0,
        0,
        0
      ]
    }
  ]
}
