{
  "results": [
    {
      "command": "Combined_MultiProperty_AND_30_binary",
      "mean": 3.85599488158,
      "stddev": 0.040303954984297306,
      "median": 3.86754349518,
      "user": 3.8502402400000006,
      "system": 0.0023331399999999996,
      "min": 3.72240344718,
      "max": 3.87996672718,
      "times": [
        3.87996672718,
        3.8700743911799997,
        3.8539416911799997,
        3.87242418518,
        3.87371898018,
        3.72240344718,
        3.86846066318,
        3.87227324318,
        3.86754349518,
        3.85603708518,
        3.87572920718,
        3.86609375418,
        3.84897102918,
        3.86683937818,
        3.87363333418,
        3.8734970781799998,
        3.86177145718,
        3.86654900018,
        3.8599157861799998,
        3.8693774731799997,
        3.86374285418,
        3.72648646518,
        3.87135690718,
        3.87886538218,
        3.86019902418
      ],
      "exit_codes": [
        0,
        0,
        0,
        0,
        0,
        0,
        0,
        0,
        0,
        0,
        0,
        0,
        0,
        0,
        0,
        0,
        0,
        0,
        0,
        0,
        0,
        0,
        0,
        0,
        0
      ]
    }
  ]
}
