{
  "results": [
    {
      "command": "loomrv_Sequential_30",
      "mean": 9.707217638960003,
      "stddev": 0.059225138531712684,
      "median": 9.69927236232,
      "user": 9.92969524,
      "system": 0.3118591599999999,
      "min": 9.628487378320001,
      "max": 9.816560801320001,
      "times": [
        9.681694615320001,
        9.628487378320001,
        9.780185541320002,
        9.650334625320001,
        9.63792235432,
        9.786909558320001,
        9.69488982432,
        9.756140916320001,
        9.63959565132,
        9.76180392832,
        9.644451911320001,
        9.712730203320001,
        9.70344075332,
        9.74174748032,
        9.69927236232,
        9.796447550320002,
        9.690243672320001,
        9.70904155232,
        9.63925605832,
        9.63231047132,
        9.77436865932,
        9.64596072632,
        9.816560801320001,
        9.76500416432,
        9.691640214320001
      ],
      "exit_codes": [
        0,
        0,
        0,
        0,
        0,
        0,
        0,
        0,
        0,
        0,
        0,
        0,
        0,
        0,
        0,
        0,
        0,
        0,
        0,
        0,
        0,
        0,
        0,
        0,
        0
      ]
    }
  ]
}
