{
  "results": [
    {
      "command": "Combined_MultiProperty_AND_30",
      "mean": 4.16602670132,
      "stddev": 0.08887316892005077,
      "median": 4.14211772636,
      "user": 4.169498660000001,
      "system": 0.010176039999999999,
      "min": 4.05337179536,
      "max": 4.26594197836,
      "times": [
        4.06334408436,
        4.24819243036,
        4.05982375136,
        4.24882490736,
        4.13378371236,
        4.24916991336,
        4.24625166436,
        4.14008257736,
        4.06970229836,
        4.24596600736,
        4.07131479636,
        4.24583921636,
        4.25522304136,
        4.06270889536,
        4.05337179536,
        4.24875598736,
        4.05834892836,
        4.25386383536,
        4.06870713336,
        4.26569500236,
        4.13403794236,
        4.25860869836,
        4.14211772636,
        4.06099120936,
        4.26594197836
      ],
      "exit_codes": [
        0,
        0,
        0,
        0,
        0,
        0,
        0,
        0,
        0,
        0,
        0,
        0,
        0,
        0,
        0,
        0,
        0,
        0,
        0,
        0,
        0,
        0,
        0,
        0,
        0
      ]
    }
  ]
}
