{
  "results": [
    {
      "command": "loomrv_Sequential_Binary_30",
      "mean": 5.84120228104,
      "stddev": 0.02708531304444186,
      "median": 5.84190340096,
      "user": 5.77418684,
      "system": 0.06108104000000001,
      "min": 5.80110687996,
      "max": 5.89424800896,
      "times": [
        5.850239074959999,
        5.87058514296,
        5.82719373296,
        5.86254088896,
        5.87609279396,
        5.81559260196,
        5.89424800896,
        5.81924029296,
        5.82454507696,
        5.82217955696,
        5.84412034096,
        5.88388308596,
        5.80110687996,
        5.865230599959999,
        5.85816935896,
        5.80194157296,
        5.80503499596,
        5.81637497896,
        5.86120685496,
        5.81702154096,
        5.81886029196,
        5.83326757496,
        5.84979484696,
        5.86968352996,
        5.84190340096
      ],
      "exit_codes": [
        0,
        0,
        0,
        0,
        0,
        0,
        0,
        0,
        0,
        0,
        0,
        0,
        0,
        0,
        0,
        0,
        0,
        0,
        0,
        0,
        0,
        0,
        0,
        0,
        0
      ]
    }
  ]
}
