{
  "results": [
    {
      "command": "Combined_MultiProperty_30_binary",
      "mean": 3.5696853521200005,
      "stddev": 0.0454872664183987,
      "median": 3.58632417644,
      "user": 3.5641307799999993,
      "system": 0.0023319400000000007,
      "min": 3.45412154244,
      "max": 3.60034020344,
      "times": [
        3.45457505144,
        3.58104414144,
        3.58735450144,
        3.59587167344,
        3.5764871724400003,
        3.5966117774399997,
        3.45853462644,
        3.58282265844,
        3.45412154244,
        3.5964369124399997,
        3.58632417644,
        3.59629785844,
        3.59968027644,
        3.5829442134400002,
        3.5906824674399997,
        3.58965315344,
        3.5784520994399998,
        3.58640874644,
        3.59078533844,
        3.60034020344,
        3.58463960944,
        3.52057313244,
        3.5790603284399998,
        3.58651678344,
        3.58591535844
      ],
      "exit_codes": [
        0,
        0,
        0,
        0,
        0,
        0,
        0,
        0,
        0,
        0,
        0,
        0,
        0,
        0,
        0,
        0,
        0,
        0,
        0,
        0,
        0,
        0,
        0,
        0,
        0
      ]
    }
  ]
}
