{
  "results": [
    {
      "command": "Combined_MultiProperty_30",
      "mean": 3.887791742160001,
      "stddev": 0.07976832479492206,
      "median": 3.9515261692,
      "user": 3.8915787800000006,
      "system": 0.01024924,
      "min": 3.7734364322,
      "max": 3.9895010842,
      "times": [
        3.7786235842,
        3.9528997502,
        3.8506058742,
        3.9547335692,
        3.7734364322,
        3.7767380372,
        3.9630030482,
        3.7738226402,
        3.9895010842,
        3.8431238162,
        3.9611399932,
        3.9529711352,
        3.9545065292,
        3.8431399472,
        3.8465018682,
        3.7778460162,
        3.9615652962,
        3.9596785532,
        3.9515261692,
        3.9563562632,
        3.7752198982,
        3.9527527342,
        3.9549671802,
        3.8453477382,
        3.8447863962
      ],
      "exit_codes": [
        0,
        0,
        0,
        0,
        0,
        0,
        0,
        0,
        0,
        0,
        0,
        0,
        0,
        0,
        0,
        0,
        0,
        0,
        0,
        0,
        0,
        0,
        0,
        0,
        0
      ]
    }
  ]
}
