{
  "results": [
    {
      "command": "rybinx_Combined_AND_30",
      "mean": 22.680962269379997,
      "stddev": 0.6013669114647361,
      "median": 22.738682852340002,
      "user": 22.64473069999999,
      "system": 0.003243,
      "min": 21.776794918340002,
      "max": 24.265198668340002,
      "times": [
        22.89811902634,
        22.61636325434,
        24.265198668340002,
        23.41762893234,
        23.084775595340002,
        22.00897107234,
        22.99805009534,
        22.13337316934,
        23.07340461334,
        22.738682852340002,
        22.91924697034,
        22.66188109634,
        21.94229741834,
        21.776794918340002,
        23.000179827340002,
        21.96811428134,
        22.93468044734,
        23.025938216340002,
        22.66391711134,
        21.85440362134,
        23.26878758734,
        22.41914598034,
        23.22145747634,
        21.91762260934,
        22.21502189334
      ],
      "exit_codes": [
        0,
        0,
        0,
        0,
        0,
        0,
        0,
        0,
        0,
        0,
        0,
        0,
        0,
        0,
        0,
        0,
        0,
        0,
        0,
        0,
        0,
        0,
        0,
        0,
        0
      ]
    }
  ]
}
