{
  "results": [
    {
      "command": "rybinx_Sequential_30",
      "mean": 22.561180762239996,
      "stddev": 0.17315324985033162,
      "median": 22.61828057668,
      "user": 22.50061446,
      "system": 0.03941147999999999,
      "min": 22.27500645368,
      "max": 22.84624309968,
      "times": [
        22.62800639168,
        22.45562649768,
        22.84624309968,
        22.34067766368,
        22.643924940679998,
        22.693849061679998,
        22.54381784368,
        22.42418466368,
        22.66818494968,
        22.68197209068,
        22.82962792368,
        22.61828057668,
        22.30171740068,
        22.32044329968,
        22.73135329668,
        22.34421537668,
        22.705371321679998,
        22.30790922768,
        22.58860950368,
        22.501479195679998,
        22.64486559168,
        22.72803214168,
        22.50717086768,
        22.698949675679998,
        22.27500645368
      ],
      "exit_codes": [
        0,
        0,
        0,
        0,
        0,
        0,
        0,
        0,
        0,
        0,
        0,
        0,
        0,
        0,
        0,
        0,
        0,
        0,
        0,
        0,
        0,
        0,
        0,
        0,
        0
      ]
    }
  ]
}
