{
  "results": [
    {
      "command": "ryjson_Sequential_30",
      "mean": 27.63039690874,
      "stddev": 0.1008939925753686,
      "median": 27.6156854275,
      "user": 27.671281359999995,
      "system": 0.3726046399999998,
      "min": 27.4909728455,
      "max": 27.8959283995,
      "times": [
        27.5325791575,
        27.6896525945,
        27.6266330455,
        27.6827032705,
        27.641477711500002,
        27.8481099845,
        27.7176494355,
        27.5853367515,
        27.5981244025,
        27.6156854275,
        27.762560772500002,
        27.5177836465,
        27.583429019500002,
        27.6256535905,
        27.5482706015,
        27.6973599475,
        27.5264624705,
        27.537340856500002,
        27.657392544500002,
        27.5875484495,
        27.4909728455,
        27.6033311815,
        27.6684398325,
        27.5194967795,
        27.8959283995
      ],
      "exit_codes": [
        0,
        0,
        0,
        0,
        0,
        0,
        0,
        0,
        0,
        0,
        0,
        0,
        0,
        0,
        0,
        0,
        0,
        0,
        0,
        0,
        0,
        0,
        0,
        0,
        0
      ]
    }
  ]
}
