{
  "results": [
    {
      "command": "ryjson_Combined_AND_30",
      "mean": 25.05423412205999,
      "stddev": 0.5812144216266987,
      "median": 24.83685598862,
      "user": 25.026266799999995,
      "system": 0.013797139999999996,
      "min": 24.263921951620002,
      "max": 26.61321480162,
      "times": [
        25.458861314620002,
        26.61321480162,
        25.61189710562,
        24.82950105762,
        25.57826649662,
        24.817486573620002,
        25.55143067662,
        24.83685598862,
        24.83222861762,
        24.75937833362,
        24.94279609362,
        24.436525906620002,
        25.66456033162,
        24.32156312462,
        24.42083187762,
        24.263921951620002,
        24.385744617620002,
        25.54091590862,
        25.64380360162,
        24.35680518462,
        25.58188223362,
        24.77530468362,
        24.98294690462,
        24.77329519862,
        25.375834466620002
      ],
      "exit_codes": [
        0,
        0,
        0,
        0,
        0,
        0,
        0,
        0,
        0,
        0,
        0,
        0,
        0,
        0,
        0,
        0,
        0,
        0,
        0,
        0,
        0,
        0,
        0,
        0,
        0
      ]
    }
  ]
}
